{
    "defaultSeverity": "error",
    "extends": [
        "tslint:recommended"
    ],
    "jsRules": {},
    "rules": {
        "no-console": [false],
        "quotemark": [
            true,
            "single",
            "jsx-double"
        ],
        "variable-name": {
            "options": [ "ban-keywords" ]
        },
        "interface-name" : [true, "never-prefix"],
        "ban-types": {
            "options": [
                [ "Object", "Avoid using the `Object` type. Did you mean `object`?" ],
                [ "Boolean", "Avoid using the `Boolean` type. Did you mean `boolean`?" ],
                [ "Number", "Avoid using the `Number` type. Did you mean `number`?" ],
                [ "String", "Avoid using the `String` type. Did you mean `string`?" ],
                [ "Symbol", "Avoid using the `Symbol` type. Did you mean `symbol`?" ]
            ]
        }
    },
    "rulesDirectory": []
}
